N,Serial,Parallel
10,0.000001,0.000493
100,0.000074,0.004243
1000,0.128491,0.076797
